{"dev_loss":1.58886763880185,"_wandb":{"runtime":2288},"_runtime":2288.6482303,"iteration":17000,"train_loss":1.181242987271994,"learning_rate":6.25e-05,"_timestamp":1.764292743873471e+09,"_step":17000}