{"_wandb":{"runtime":60},"_runtime":60.7266867,"iteration":430,"train_loss":5.602875521380236,"learning_rate":0.001,"_timestamp":1.7642928194723551e+09,"_step":430,"dev_loss":5.612228102943647}