{"learning_rate":6.25e-05,"_timestamp":1.764294786081301e+09,"dev_loss":1.343582474701933,"_wandb":{"runtime":1593},"_runtime":1593.318977,"_step":10200,"iteration":10200,"train_loss":0.7831508012783539}