{"_runtime":401.8733415,"iteration":3600,"train_loss":5.743493909951685,"learning_rate":6.25e-05,"_timestamp":1.7642900237124522e+09,"_step":3600,"dev_loss":5.715663615027378,"_wandb":{"runtime":401}}