{"_runtime":16.4449076,"iteration":100,"train_loss":6.1047715212627685,"learning_rate":0.001,"_timestamp":1.764293154605492e+09,"_step":100,"_wandb":{"runtime":16}}